ID,fluxo_AH,Fluxo iOD907
aaaab,0.0,0.0
aaaac,0.0,0.0
aaaad,0.0,0.0
aaaae,0.0,0.0
aaaaf,0.0,0.0
EX_00017_,0.0,0.0
aaaag,0.0,0.0
aaaah,0.0,0.0
aaaai,0.011360556,0.02964255894709253
aaaaj,0.0,0.0
EX_00025_,0.0,0.0
aaaba,0.0,0.0
EX_00027_,0.0,0.0
aaabb,0.0,0.0
aaabc,0.0,0.0
aaabd,-0.21420011654287383,0.0
aaabe,0.0,0.0
aaabf,0.0,0.0
aaabg,0.0,0.0
EX_00045_,0.0,0.0
aaabh,0.0,0.0
aaabi,0.0,0.0
aaabj,0.0,0.0
aaaca,0.01074247,0.02802981651711176
aaacb,0.0,0.0
EX_00055_,0.0,0.0
aaacc,0.0,0.0
EX_00057_,0.0,0.0
aaacd,0.0,3.765104170467922e-16
aaace,0.0,0.0
EX_00061_,0.0,0.0
aaacf,0.0,0.0
EX_00064_,0.0,0.0
aaacg,0.0,0.0
EX_00065_,0.0,0.0
aaach,0.0,0.0
EX_00068_,0.0,0.0
aaaci,0.0,0.0
aaacj,0.0,-0.05573422793861414
aaada,0.0,0.0
aaadb,0.00017588199999999998,0.00045892054515047774
aaadc,0.0,0.0
EX_00077_,0.0,0.0
aaadd,0.0,0.0
EX_00079_,0.0,0.0
aaade,-1.699999950308474e-08,0.0
aaadf,0.0,0.0
aaadg,0.0,0.0
EX_00085_,0.0,0.0
aaadh,0.0,0.0
EX_00087_,0.0,0.0
aaadi,0.0,0.0
aaadj,0.0,0.0
aaaea,0.0,0.0
aaaeb,0.006895914,0.017993180724524455
aaaec,-0.003142484000000001,-0.008199534178634832
aaaed,0.0,0.0
EX_00098_,-2.0400002795991435e-08,3.5485834904963685e-08
aaaee,0.0,0.0
aaaef,-0.002505698,-0.006537998727228829
aaaeg,0.0,0.0
aaaeh,0.0,0.0
aaaei,0.0,0.0
aaaej,0.0,0.0
aaafa,0.0,0.0
aaafb,0.0,0.0
aaafc,0.0,0.0
aaafd,0.0,0.0
EX_00113_,0.0,0.0
aaafe,0.0,0.0
EX_00115_,0.0,0.0
aaaff,0.0,0.0
aaafg,0.0,0.0
aaafh,0.0,0.0
aaafi,0.0,0.0
EX_00120_,0.0,0.0
aaafj,0.0,0.0
EX_00122_,0.0,0.0
aaaga,1.535100000049681e-05,4.009899215310551e-05
aaagb,0.0,0.0
aaagc,0.0,0.0
EX_00128_,0.0,0.0
aaagd,0.0,0.0
aaage,2.3800000000000003e-05,6.210020908666814e-05
aaagf,0.0,0.0
EX_00134_,0.0,0.0
aaagg,0.0,0.0
aaagh,0.0,0.0
aaagi,0.0,0.0
aaagj,0.0,0.0
aaaha,0.0,0.0
aaahb,0.0,0.0
aaahc,-1.3831199999999903e-06,-1.3232667410524807e-05
aaahd,0.0,9.623758116745315e-06
aaahe,0.0,0.0
aaahf,-3.399999983638713e-08,0.0
aaahg,0.0,0.0
aaahh,0.0,0.0
aaahi,0.0,0.0
aaahj,0.0,0.0
aaaia,0.0,0.0
aaaib,0.0,-0.04979922224161001
aaaic,0.0,0.0
aaaid,0.0,0.0
aaaie,-0.019085662000000805,0.0
aaaif,0.0,0.0
aaaig,0.0,0.0
aaaih,0.0,0.0
aaaii,0.0,0.0
aaaij,0.0,0.0
EX_00179_,0.0,0.0
aaaja,0.0,0.0
aaajb,0.0,0.0
EX_00183_,0.0,0.0
aaajc,0.0,0.0
aaajd,0.0,9.623758116745315e-06
aaaje,1.3831199999999903e-06,3.608909293779493e-06
aaajf,0.0013488480000000001,0.003519484992694712
aaajg,0.0,0.0
aaajh,0.0,0.0
aaaji,0.0,0.0
aaajj,0.0,0.0
EX_00194_,0.0,0.0
aabaa,3.073599999999979e-07,8.019798430621097e-07
aabab,0.0,0.0
aabac,0.0,0.0
aabad,0.0,0.0
EX_00207_,0.0,0.0
aabae,3.6883199999999746e-06,0.0
aabaf,0.0,0.0
aabag,-0.005299376000000001,0.0
aabah,-0.0026234400000000003,-0.00684521733303902
aabai,0.0,0.0
aabaj,0.0,0.0
aabba,2.4412000000000003e-05,6.369707160603678e-05
aabbb,1.3831199999999903e-06,3.608909293779493e-06
aabbc,0.0,0.0
EX_00224_,0.0,0.0
aabbd,0.0,0.0
aabbe,0.013446557999998398,0.03508564227354383
aabbf,-0.004094246,-0.0106829215400107
aabbg,0.0,0.0
aabbh,0.0,0.0
aabbi,0.0,0.0
EX_00235_,0.0,0.0
aabbj,0.0,0.0
EX_00236_,0.0,0.0
aabca,0.0,0.0
aabcb,0.0,0.0
EX_00240_,0.0,0.0
aabcc,0.0,0.0
EX_00242_,0.0,0.0
aabcd,0.0,0.0
aabce,0.0,0.0
EX_00246_,0.0,0.0
aabcf,0.0,0.0
EX_00248_,0.0,0.0
aabcg,0.0,0.0
EX_00251_,0.0,0.0
aabch,0.0,0.0
aabci,0.0,0.02797809591440341
aabcj,0.0,0.0
aabda,0.0,0.0
aabdb,0.0,0.0
EX_00255_,0.0,0.0
aabdc,0.0,0.0
aabdd,0.0,0.0
aabde,0.0,0.0
aabdf,3.3694e-05,8.791615314984017e-05
aabdg,-0.011360556,-0.02964255894709253
aabdh,0.0,0.0
aabdi,-0.006895914,-0.017993180724524455
aabdj,0.0,0.0
aabea,0.0,0.0
aabeb,0.0,0.0
aabec,0.0,0.0
aabed,0.0,0.0
aabee,0.0,0.0
EX_00271_,0.0,0.0
aabef,0.0,0.0
aabeg,0.0,0.0
aabeh,0.0,0.0
EX_00277_,0.0,0.0
aabei,0.0,0.0
aabej,0.0,0.0
EX_00280_,0.0,0.0
aabfa,-0.008342682,-0.021768163720318603
aabfb,0.0,0.0
aabfc,0.008342682,0.021768163720318603
aabfd,0.0,0.0
aabfe,0.0,0.0
aabff,0.00011417199999999919,0.00029790357444718554
aabfg,0.8960182871618403,1.4178444879267813
aabfh,0.0,0.0
aabfi,0.0,0.0
aabfj,0.0,0.0
aabga,0.0,0.0
EX_00299_,0.0,0.0
aabgb,0.0013488480000000001,0.003519484992694712
aabgc,0.0,0.0
aabgd,0.0,0.0
aabge,0.0,0.0
EX_00305_,0.0,0.0
aabgf,0.0,0.0
EX_00307_,0.0,0.0
aabgg,0.0,0.0
aabgh,0.0,0.0
EX_00310_,0.0,0.0
aabgi,0.0,0.0
EX_00312_,0.0,0.0
aabgj,0.0,0.0
aabha,0.0,0.0
aabhb,0.0,0.0
aabhc,0.0,0.0
EX_00321_,0.0,0.0
aabhd,0.0,0.0
aabhe,0.0,0.0
EX_00326_,0.0,0.0
aabhf,0.0,0.0
aabhg,0.0,0.0
aabhh,0.0,0.0
aabhi,0.0,0.0
EX_00331_,0.0,0.0
aabhj,0.0,0.0
EX_00333_,0.0,0.0
aabia,0.0,0.0
EX_00336_,0.0,0.0
aabib,0.0,0.0
aabic,0.0,0.0
aabid,0.0,0.0
EX_00341_,0.0,0.0
aabie,0.0,0.0
EX_00343_,0.0,0.0
aabif,0.0,0.0
aabig,0.0,0.0
aabih,0.0,0.0
aabii,0.0,0.0
aabij,0.0,0.0
aabja,0.0,0.0
EX_00354_,0.0,0.0
aabjb,0.0,0.0
aabjc,0.0,0.0
aabjd,1.4211828509904576,0.9928972177160168
aabje,2.109580862155852,0.0
aabjf,0.0,0.0
EX_00359_,0.0,0.0
aabjg,0.0,0.0
EX_00362_,0.0,0.0
aabjh,0.0,0.0
aabji,0.0,0.0
EX_00366_,0.0,0.0
aabjj,0.0,0.0
aacaa,0.0,0.0
aacab,0.0,0.0
aacac,-0.505717849818963,0.0
aacad,0.0,0.0
aacae,0.034,0.08871458440952591
aacaf,-2.3800000000000003e-05,-6.210020908666814e-05
aacag,0.0,0.0
aacah,0.0,0.0
EX_00378_,0.0,0.0
aacai,2.3800000000000003e-05,6.210020908666814e-05
aacaj,0.0,0.0
aacba,0.0,0.0
aacbb,0.0,0.0
aacbc,0.0,0.0
aacbd,-1.8318391087997665,-2.948845029365313
EX_00386_,1.8318391087997665,2.948845029365313
aacbe,0.00012756800000000002,0.0003328571207045413
aacbf,1.802e-06,4.701872973704874e-06
aacbg,-2.3800000000000003e-05,-6.210020908666814e-05
aacbh,0.0004488,0.001171032514205742
aacbi,-2.3800000000000003e-05,-6.210020908666814e-05
aacbj,0.0,0.0
aacca,2.379999999998071e-05,6.210020908541378e-05
aaccb,0.0,0.0
EX_00396_,0.0,0.0
aaccc,0.0,0.0
aaccd,0.0,-5.421010862427522e-20
aacce,0.0,0.0
EX_00397_,0.0,0.0
aaccf,0.0,0.0
aaccg,0.0,0.0
EX_00399_,0.0,0.0
EX_00402_,0.0,0.0
aacch,0.0,3.8641751966846876
aacci,0.0,0.0
aaccj,0.505717849818963,0.0
aacda,0.0,0.0
aacdb,0.0,0.0
aacdc,0.0,0.0
EX_00407_,0.0,0.0
aacdd,0.0,0.0
aacde,0.0,0.0
aacdf,0.0,0.0
aacdg,0.0,0.0
aacdh,0.0,0.0
aacdi,0.00017588199999999998,0.00045892054515047774
aacdj,0.0,0.0
aacea,0.0,0.0
EX_00417_,0.0,0.0
aaceb,0.007424410000000001,0.019372160224586127
aacec,0.0,0.0
aaced,0.0,0.0
aacee,0.0,0.0
EX_00419_,0.0,0.0
aacef,0.0,0.0
EX_00420_,0.0,0.0
aaceg,7.48e-05,0.000195172085700957
aaceh,0.0,0.0
aacei,0.0,0.0
EX_00426_,0.0,0.0
aacej,0.0,0.0
aacfa,0.22495844187620684,0.028071216656503795
aacfb,0.0,0.0
aacfc,0.0,0.0
aacfd,0.0,0.0
aacfe,0.0,0.0
aacff,0.010191636,0.02659255153509299
aacfg,0.0,0.0
aacfh,0.0,0.0
aacfi,7.278375098363793,9.894524891671171
aacfj,0.0,0.0
aacga,0.0,0.0
aacgb,0.00432497,0.011284938709813749
aacgc,0.0,0.0
aacgd,0.0,0.0
aacge,0.0,0.0
aacgf,5.83983999999996e-06,1.5237617018180081e-05
aacgg,0.0,0.0
aacgh,0.0,0.0
aacgi,0.0,0.0
EX_00454_,0.0,0.0
aacgj,0.0,0.0
aacha,0.0,0.0
aachb,0.0,0.0
aachc,0.47549429024758627,0.7492364872698025
aachd,0.0,0.0
aache,0.0,-0.02797809591440341
aachf,0.0107226139999992,0.0
aachg,0.0,0.0
aachh,0.0,0.0
aachi,0.0,0.0
aachj,0.0,0.0
aacia,0.0,0.0
aacib,0.0,0.0
aacic,-0.03339718,-0.08714167482794516
aacid,0.0,0.0
EX_00467_,0.0,0.0
aacie,0.0,0.0
aacif,0.0,0.0
aacig,0.008342682,0.021768163720318603
aacih,0.0,-8.871458521964026e-08
aacii,0.0,0.0
aacij,0.0,0.0
EX_00473_,-3.399999983638713e-08,-8.871458488486038e-08
aacja,0.0,0.0
aacjb,0.0,0.0
EX_00476_,0.0,0.0
aacjc,0.00390864,0.010198628623719098
aacjd,0.0,0.0
aacje,0.0,0.0
aacjf,0.0,0.0
aacjg,0.5143671098189629,0.9181190309321307
aacjh,0.0,0.0
aacji,0.0,0.0
aacjj,0.0,0.0
aadaa,0.008342682,0.021768163720318603
aadab,0.005299376000000001,0.0
aadac,0.0,0.0
EX_00492_,0.0,0.0
aadad,0.0004488,0.001171032514205742
aadae,0.013013908000000001,0.033956571757758985
aadaf,0.0,0.0
aadag,0.0,0.0
aadah,0.003142484000000001,0.008199534178634832
aadai,0.0,0.0
EX_00499_,0.0,0.0
aadaj,0.0,0.013827409984406347
aadba,0.0,0.0
EX_00502_,0.0,0.0
aadbb,0.0,0.0
aadbc,0.011360556,0.02964255894709253
aadbd,0.0,0.0
EX_00504_,0.0,0.0
aadbe,0.0,0.0
EX_00506_,0.0,0.0
aadbf,0.0,0.0
aadbg,0.0,0.0
aadbh,0.0,0.0
EX_00509_,0.0,0.0
aadbi,0.0,0.0
aadbj,0.0,0.0
aadca,0.0,0.0
aadcb,0.0,0.0
aadcc,0.0,0.0
aadcd,0.0,0.0
EX_00517_,0.0,0.0
aadce,0.0004488,0.001171032514205742
aadcf,0.0026234400000000003,0.00684521733303902
aadcg,0.007424410000000001,0.019372160224586127
aadch,0.0,0.0
EX_00526_,0.0,0.0
aadci,0.0,0.0
aadcj,0.0,0.0
aadda,0.0,0.0
EX_00529_,0.0,0.0
aaddb,0.0,0.0
EX_00530_,0.0,0.0
aaddc,0.0,0.0
EX_00532_,0.0,0.0
aaddd,0.0,0.0
EX_00534_,0.0,0.0
aadde,0.0,0.0
aaddf,0.0,0.0
aaddg,0.0,0.0
aaddh,0.0036078419999991977,0.009413859410034841
aaddi,0.0,0.0
aaddj,-0.010191636,-0.02659255153509299
aadea,0.0036078419999991977,0.009413859410034841
aadeb,0.0016577719999999994,0.004325545706639664
aadec,0.0,0.0
aaded,0.0,0.0
aadee,-1.3831199999999903e-06,-3.608909293779493e-06
aadef,0.0,0.0
aadeg,0.0,0.0
EX_00551_,0.0,0.0
aadeh,0.0,0.0
aadei,0.0,0.0
aadej,0.0,0.0
aadfa,0.0,0.0
aadfb,0.0,0.0
aadfc,0.0,0.0
aadfd,0.0,0.0
aadfe,-3.4e-08,-8.871458440952591e-08
aadff,0.0,0.0
aadfg,0.0,0.0
aadfh,0.0,0.0
aadfi,0.0,0.0
aadfj,0.0,0.0
aadga,0.0,0.0
EX_00564_,0.0,0.0
aadgb,0.0,0.0
aadgc,0.0,0.0
aadgd,0.0,0.0
aadge,0.0,0.0
aadgf,0.0,0.0
aadgg,0.0,0.0
aadgh,3.3694e-05,8.791615314984017e-05
aadgi,0.0,0.0
aadgj,0.0,0.0
aadha,0.0,0.0
aadhb,0.0,0.0
aadhc,0.0,0.0
EX_00577_,0.0,0.0
aadhd,1.3831199999999903e-06,3.608909293779493e-06
aadhe,0.0,0.0
aadhf,0.0,0.0
aadhg,0.0,0.0
aadhh,0.0,0.0
aadhi,0.0,0.0
EX_00585_,0.0,0.0
aadhj,0.0,0.0
aadia,0.0,0.0
EX_00586_,0.0,0.0
aadib,0.0,0.0
aadic,0.0,0.0
aadid,0.0,0.0
aadie,0.0,0.0
EX_00591_,0.0,0.0
aadif,0.0,0.0
aadig,0.0,0.0
aadih,0.0,0.0
aadii,0.0,0.0
aadij,0.0,0.0
aadja,0.0,0.0
aadjb,0.0,0.0
aadjc,0.0,0.0
aadjd,0.0,0.0
aadje,0.0,0.0
aadjf,0.0,0.0
aadjg,0.0,0.0
aadjh,0.0,0.0
aadji,0.0,-0.021768163720318603
aadjj,0.0,0.0
aaeaa,0.0,0.1872484396854984
aaeab,0.0,0.0
aaeac,0.0,0.0
aaead,0.0,1.8973538018496328e-19
EX_00615_,0.0,0.0
aaeae,0.010191636,0.02659255153509299
aaeaf,-0.008342682,0.0
aaeag,0.0,0.0
EX_00618_,0.0,0.0
aaeah,0.0,-0.23392179112541053
aaeai,0.0,0.0
EX_00619_,0.0,0.0
aaeaj,0.0,0.0
aaeba,0.0,0.0
aaebb,0.0,0.0
aaebc,0.0,0.0
aaebd,0.0,0.0
aaebe,0.0,0.0
aaebf,0.011360556,0.02964255894709253
aaebg,5.83983999999996e-06,1.5237617018180081e-05
aaebh,0.0,0.0
aaebi,0.0,0.0
aaebj,0.0,0.0
aaeca,0.0,0.0
aaecb,0.0,0.0
aaecc,0.0,0.0
aaecd,0.0,0.0
aaece,0.0,4.718447854656915e-16
aaecf,0.011360556,0.02964255894709253
aaecg,0.0,0.0
aaech,0.0,0.0
aaeci,0.0,0.0
EX_00638_,0.0,0.0
aaecj,0.0,0.0
EX_00640_,0.0,0.0
aaeda,0.0,0.0
aaedb,0.0,0.0
aaedc,0.0,0.0
aaedd,0.0,-6.938893903907228e-18
EX_00646_,0.0,-6.938893903907228e-18
aaede,-0.00432497,-0.011284938709813749
aaedf,0.0,0.0
aaedg,0.0,0.0
aaedh,0.0,0.0
aaedi,0.0,0.0
aaedj,0.0,0.0
aaeea,0.0,0.0
aaeeb,0.0,0.0
aaeec,0.0,0.0
aaeed,0.22173547534287813,0.019661919800184516
aaeee,0.0,0.0
aaeef,-0.00458864,-1.0630385460785874e-14
EX_00650_,0.0,0.0
aaeeg,0.0,0.0
aaeeh,0.0,0.0
aaeei,0.0,0.0
aaeej,0.0,0.0
aaefa,0.0,0.0
aaefb,0.0,0.0
aaefc,0.0,0.0
aaefd,0.0,0.0
EX_00654_,0.0,0.0
aaefe,0.0,0.0
aaeff,0.0,0.0
aaefg,0.0,0.0
aaefh,0.5459153358189629,0.10488539014110977
aaefi,0.0,0.0
aaefj,0.0,4.718447854656915e-16
aaega,0.0,0.8955509278041917
aaegb,0.0,0.0
aaegc,0.0,0.0
aaegd,0.0,0.0
aaege,0.0,0.0
aaegf,0.0,0.0
aaegg,0.0,0.0
aaegh,0.0,0.0
aaegi,0.0,0.0
aaegj,0.0,0.0
aaeha,0.0,0.0
aaehb,0.0,0.0
aaehc,0.0,0.0
aaehd,0.0,0.0
aaehe,0.0,0.0
aaehf,-3.4e-08,-8.871458440952591e-08
aaehg,0.0240693139999992,0.0
aaehh,0.0,0.0
aaehi,0.0,0.0
EX_00676_,0.0,0.0
aaehj,0.0,0.0
aaeia,0.0,0.0
aaeib,0.0,0.0
aaeic,0.0,0.0
aaeid,0.0,0.0
aaeie,0.009839123999998395,0.01625907674307386
aaeif,0.0,0.0
aaeig,0.003142484000000001,0.008199534178634832
aaeih,0.0,0.0
aaeii,0.0,0.0
aaeij,0.0,0.0
aaeja,0.004094246,0.0106829215400107
aaejb,0.0,0.0
aaejc,0.0,0.0
aaejd,0.0,0.0
aaeje,0.0,0.0
aaejf,0.0,0.0
aaejg,0.0,0.0
aaejh,0.0,0.0
EX_00693_,0.0,0.0
aaeji,0.0,0.0
aaejj,0.0,0.0
aafaa,0.00492643,0.012854299708018217
aafab,7.48e-05,0.000195172085700957
aafac,0.0,0.0
aafad,0.0,0.0
EX_00698_,0.0,0.0
aafae,0.0,0.0
aafaf,0.0,0.0
aafag,0.0,0.0
aafah,0.0,0.0
EX_00702_,0.0,0.0
aafai,0.0,0.0
EX_00704_,0.0,0.0
aafaj,0.009393622,0.024510331524417048
aafba,0.0024612600000008004,0.006421960050819266
aafbb,0.0,0.0
aafbc,0.0,0.0
aafbd,0.0,0.0
aafbe,0.0,-1.5612511283791264e-17
aafbf,0.0,0.0
aafbg,0.0,0.0
aafbh,0.0,0.0
EX_00709_,0.0,0.0
aafbi,0.0,0.0
aafbj,0.0,0.0
aafca,0.0,0.0
aafcb,0.0,0.0
EX_00711_,0.0,0.0
aafcc,0.0,0.0
aafcd,0.0,0.0
aafce,0.0,0.0
aafcf,0.0026234400000000003,0.00684521733303902
aafcg,0.0,0.0
aafch,0.0,0.0
EX_00720_,0.0,0.0
aafci,0.0,0.0
aafcj,0.0,0.0
aafda,0.0,0.0
EX_00722_,0.0,0.0
aafdb,0.0,0.0
EX_00723_,0.0,0.0
aafdc,0.0,0.0
EX_00724_,0.0,0.0
aafdd,0.0,0.0
EX_00726_,0.0,0.0
aafde,0.0,0.0
aafdf,0.0007956,0.0020759212751829065
aafdg,0.0,0.0
aafdh,0.0,0.0
aafdi,0.0026234400000000003,0.00684521733303902
aafdj,0.0,0.0
aafea,0.0,0.0
aafeb,2.0400000000000003e-07,5.322875064567127e-07
aafec,0.0013608840000000008,0.003550889955575674
aafed,0.0,0.0
aafee,0.0,0.0
EX_00740_,0.0,0.0
aafef,0.0,0.0
aafeg,0.0,0.0
aafeh,0.0,0.0
EX_00741_,0.0,0.0
EX_00743_,0.0,0.0
aafei,0.002505698,0.006537998727228829
aafej,0.0,0.0
aaffa,0.0,0.0
aaffb,0.0,0.0
aaffc,0.0,0.0
EX_00748_,0.0,0.0
aaffd,0.0,0.0
EX_00749_,0.0,0.0
aaffe,0.0,0.0
EX_00751_,0.0,0.0
aafff,6.561999999999947e-06,1.712191479103839e-05
aaffg,0.0,0.0
aaffh,0.0,0.0
aaffi,0.0,0.0
aaffj,0.0,0.0
aafga,0.0,0.0
aafgb,0.0,0.0
aafgc,0.0,0.0
aafgd,0.0,0.0
aafge,0.0,0.0
aafgf,0.0,0.0
EX_00756_,3.3070270362341305,4.003472837885322
EX_00757_,-1.0,-1.0
EX_00758_,0.0,0.0
EX_00759_,0.0,0.0
aafgg,0.0,0.0
EX_00760_,0.0,0.0
EX_00761_,0.0,0.0
aafgh,0.0,0.0
aafgi,0.0,0.0
EX_00763_,0.0,0.0
EX_00764_,0.0,0.0
EX_00765_,0.0,0.0
aafgj,0.0,0.0
aafha,0.7400902054286262,0.25437604749332415
aafhb,0.0,0.0
aafhc,0.0,0.0
aafhd,0.0,0.0
EX_00773_,0.0,0.0
aafhe,0.0,0.0
EX_00775_,0.0,0.0
aafhf,0.0,0.0
EX_00777_,0.0,0.0
aafhg,0.0,0.0
EX_00778_,0.0,0.0
aafhh,0.0,0.0
EX_00780_,0.0,0.0
aafhi,0.0,0.0
EX_00781_,0.0,0.0
aafhj,0.0,0.0
aafia,0.0,0.0
EX_00784_,0.0,0.0
aafib,0.0,0.0
aafic,0.0,0.0
EX_00786_,0.0,0.0
aafid,0.0,0.0
EX_00787_,0.0,0.0
aafie,0.0,0.0
aafif,0.0,0.0
EX_00789_,0.0,0.0
aafig,0.0,0.0
aafih,0.0,0.0
aafii,0.0,0.0
aafij,0.0,0.0
aafja,1.802e-06,4.701872973704874e-06
EX_00793_,-1.802e-06,-4.701872973704874e-06
aafjb,0.0,0.0
aafjc,0.0,0.0
aafjd,0.0,0.0
EX_00796_,0.0,0.0
aafje,0.0,0.0
EX_00797_,0.0,0.0
aafjf,0.0,0.0
aafjg,5.83983999999996e-06,1.5237617018180081e-05
aafjh,0.0,0.0
EX_00801_,0.0,0.0
aafji,0.0,0.0
aafjj,0.034,0.08871458440952591
EX_00807_,0.034,0.08871458440952591
aagaa,0.0,0.0
EX_00815_,0.0,0.0
aagab,2.029376631482635,2.905368004075765
aagac,0.0,0.0
EX_00816_,0.0,0.0
aagad,0.0,0.0
aagae,0.0,0.0
EX_00819_,0.0,0.0
aagaf,-0.00020828400000000004,-0.0005434655440927555
aagag,0.0,0.0
aagah,0.0,0.0
EX_00820_,0.0,0.0
aagai,0.0,0.0
EX_00821_,0.0,0.0
aagaj,0.0,0.0
EX_00822_,0.0,0.0
aagba,0.0,0.0
aagbb,0.0,0.0
aagbc,0.0,0.0
aagbd,0.0,0.0
aagbe,0.0,0.0
aagbf,-0.001427354,-0.003724326968096307
aagbg,0.0,0.0
aagbh,0.0,0.0
EX_00829_,0.0,0.0
aagbi,0.0,0.0
aagbj,0.0,0.0
aagca,0.0,0.0
aagcb,0.0,0.0
aagcc,0.0,0.0
EX_00836_,0.0,0.0
aagcd,0.0,0.0
aagce,0.0,0.0
aagcf,0.0,0.0
aagcg,0.609555923818963,1.1664906801805328
aagch,0.0,0.0
aagci,0.0,0.0
aagcj,0.0,0.0
aagda,0.0,0.0
aagdb,0.0,0.0
EX_00844_,0.0,0.0
aagdc,0.0,0.0
aagdd,0.0,0.0
EX_00845_,0.0,0.0
aagde,-0.010774180666666026,-0.028112616795895832
aagdf,0.0,0.0
aagdg,0.0,3.6089092937794944e-06
aagdh,0.0,0.0
EX_00848_,0.0,0.0
aagdi,0.0,0.0
aagdj,0.0,0.0
aagea,0.0,0.0
EX_00850_,0.0,0.0
EX_00851_,-0.005735018000000203,-0.014964198669035644
aageb,0.0,0.0
aagec,0.0,0.0
aaged,0.0,0.0
EX_00854_,0.0,0.0
aagee,0.0,0.0
EX_00855_,0.0,0.0
aagef,0.0,0.0
aageg,1.7340000000000003e-06,4.524443804885379e-06
aageh,0.0,0.0
aagei,0.0,0.0
aagej,0.019381632000000003,0.050571571413481425
aagfa,0.0,0.0
EX_00861_,0.0,0.0
aagfb,0.0,0.0
aagfc,0.0,0.0
aagfd,0.0,0.0
EX_00864_,0.0,0.0
aagfe,0.0,0.0
aagff,0.0,0.0
aagfg,0.0,0.0
EX_00869_,0.0,0.0
aagfh,0.0,0.0
aagfi,0.0,0.0
aagfj,0.0,0.0
aagga,0.0,0.0
EX_00874_,0.0,0.0
aaggb,0.0,0.0
EX_00875_,0.0,0.0
aaggc,0.0,0.0
aaggd,0.0,0.0
aagge,0.0,0.0
aaggf,0.0,0.0
EX_00878_,0.0,0.0
aaggg,0.0,0.0
aaggh,0.2801497805428738,0.17207932452081975
aaggi,0.0,0.0
aaggj,2.2440000000000005e-06,5.85516257102871e-06
aagha,-0.2793541805428738,-0.17000340324563684
aaghb,0.0,0.0
aaghc,0.01074247,0.02802981651711176
aaghd,0.0,0.0
EX_00888_,0.0,0.0
aaghe,0.01074247,0.02802981651711176
aaghf,0.0,0.0
aaghg,0.0,0.0
aaghh,0.0,0.0
aaghi,1.699999950308474e-08,0.0
aaghj,0.0,0.0
aagia,0.0,0.0
aagib,-0.5278136678189613,-0.9532046732056745
aagic,0.0,8.791615314984017e-05
aagid,0.01074247,0.02802981651711176
aagie,0.0,0.0
aagif,0.21420011654287383,8.871458440952588e-08
aagig,0.0,0.0
EX_00905_,0.0,0.0
aagih,3.3694e-05,0.0
aagii,0.0,0.0
EX_00906_,0.0,0.0
aagij,6.561999999999947e-06,1.712191479103839e-05
aagja,0.0,0.0
aagjb,0.0,0.0
aagjc,0.0,0.0
aagjd,0.0,0.0
aagje,0.0,0.0
aagjf,0.0,0.0
aagjg,0.0,0.0
aagjh,0.0,0.0
aagji,0.0,0.0
aagjj,0.0,0.0
aahaa,0.0,0.0
EX_00919_,0.0,0.0
aahab,0.0,0.0
EX_00920_,0.0,0.0
aahac,0.0,0.0
EX_00921_,0.0,0.0
aahad,0.0,0.0
EX_00922_,0.0,0.0
aahae,0.0,0.0
EX_00923_,0.0,0.0
aahaf,0.002481286,0.006474301655622792
aahag,0.0,1.734723475976807e-18
EX_00925_,0.0,0.0
aahah,0.0,0.0
aahai,0.0,0.0
EX_00927_,0.0,0.0
aahaj,0.0,0.0
EX_00928_,0.0,0.0
aahba,0.0,0.0
EX_00929_,0.0,0.0
aahbb,0.0,0.0
EX_00930_,0.0,0.0
aahbc,0.0,0.0
EX_00931_,0.0,0.0
aahbd,0.0,0.0
aahbe,0.0,0.0
aahbf,0.0,0.0
EX_00932_,0.0,0.0
aahbg,0.0,0.0
aahbh,-0.20191266907143346,0.0
EX_00935_,0.0,0.0
aahbi,0.0,0.0
EX_00936_,0.0,0.0
aahbj,0.0,0.0
aahca,3.399999983638713e-08,8.871458488486038e-08
aahcb,0.0,0.0
EX_00940_,0.0,0.0
aahcc,-0.06988236580000429,-0.18234086952778955
aahcd,0.0,0.0
aahce,0.0,0.0
aahcf,0.0,0.0
EX_00943_,0.0,0.0
aahcg,0.0,0.0
EX_00944_,0.0,0.0
aahch,0.0,0.0
EX_00946_,0.0,0.0
aahci,0.0,0.01323995974936525
aahcj,0.0,0.0
aahda,0.0,0.0
aahdb,4.132360000496887e-06,1.0826727881338481e-05
aahdc,0.0,0.01323995974936525
aahdd,7.683999999999947e-07,2.004949607655274e-06
aahde,0.21927421534287733,0.0
aahdf,0.0,0.0
EX_00949_,0.0,0.0
aahdg,0.0,0.0
aahdh,0.0,0.0
aahdi,0.0,0.0
aahdj,1.5367999999999895e-06,4.009899215310548e-06
aahea,0.0,0.0
aaheb,0.0,0.0
aahec,0.0,0.0
aahed,2.612559999999982e-06,6.816828666027933e-06
aahee,3.6883199999999746e-06,9.623758116745315e-06
aahef,-1.699999950308474e-08,0.0
aaheg,0.0,0.0
aaheh,0.0,0.0
EX_00951_,0.0,0.0
aahei,0.0,0.0
EX_00952_,0.0,0.0
aahej,0.0,0.0
EX_00953_,0.0,0.0
aahfa,0.0,0.0
aahfb,0.0,0.0
EX_00954_,0.0,0.0
aahfc,0.0,0.0
aahfd,0.0,0.0
EX_00955_,0.0,0.0
aahfe,0.0,0.0
aahff,0.0,0.0
aahfg,0.00010899380000347765,0.0002846141297026393
aahfh,0.0,0.0
aahfi,0.0,0.0
EX_00961_,0.0,0.0
aahfj,0.0,0.0
aahga,0.0,0.0
EX_00962_,0.0,0.0
aahgb,0.0,0.0
aahgc,0.0,0.0
aahgd,0.0,0.0
aahge,0.9415725411618395,1.4739041209610049
aahgf,0.0,0.0
aahgg,0.0,0.014964198669035644
aahgh,0.0,0.0
aahgi,0.0,0.0
aahgj,0.0,0.0
aahha,0.00012756800000000002,0.0
aahhb,0.0,0.0
aahhc,0.0,0.0
EX_00968_,0.0,0.0
aahhd,0.0,0.0
aahhe,0.0,0.0
EX_00969_,0.0,0.0
aahhf,0.0001496,0.000390344171401914
aahhg,0.0,0.0
aahhh,0.0,0.0
EX_00970_,0.0,0.0
aahhi,0.0,0.0
EX_00971_,0.0,0.0
aahhj,0.00012760200000000077,8.87145839206544e-08
aahia,7.48e-05,0.000195172085700957
aahib,0.0,0.0
aahic,0.0,0.0
aahid,0.0,0.0
aahie,6.7388e-05,0.00017583230629968034
aahif,0.0,0.0
EX_00975_,0.0,0.0
aahig,0.0,0.0
EX_00977_,0.0,0.0
aahih,0.01074247,0.02802981651711176
aahii,0.0,0.0
aahij,0.0,0.0
aahja,0.0,0.0
aahjb,0.0,0.0
aahjc,0.0,0.0
EX_00982_,0.0,0.0
aahjd,0.0,0.0
aahje,0.0,0.0
aahjf,0.0,0.0
EX_00984_,0.0,0.0
aahjg,0.0,0.0
EX_00985_,0.0,0.0
aahjh,0.00010899380000347765,0.0002846141297026393
aahji,0.0,0.0
aahjj,0.008342682,0.021768163720318603
aaiaa,0.0,0.0
aaiab,0.0,0.0
aaiac,0.47549429024758627,0.7492364872698025
aaiad,0.005265206000000001,0.013738251827074773
aaiae,0.0,0.0
EX_00993_,0.0,0.0
aaiaf,0.0036078419999991977,0.009413859410034841
aaiag,0.0,0.0
aaiah,0.004573509999999199,0.011933531036434198
aaiai,0.06136568200000081,0.16011846939238794
aaiaj,0.0,0.0
aaiba,0.0,0.0
aaibb,0.0,0.0
aaibc,0.0,0.0
aaibd,0.0,-0.23392179112541053
aaibe,0.0,0.0
aaibf,0.0,0.0
EX_01002_,0.0,0.0
aaibg,0.0,0.0
EX_01003_,0.0,0.0
aaibh,0.0,0.0
EX_01005_,0.0,0.0
aaibi,0.0,0.0
EX_01006_,0.0,0.0
aaibj,0.0,0.0
aaica,0.0,0.0
aaicb,0.0,1.734723475976807e-18
aaicc,0.00390864,0.010198628623719098
aaicd,-0.01074247,-0.02802981651711176
aaice,0.0,0.0
aaicf,0.0,0.0
aaicg,0.0,0.0
aaich,0.0,0.0
aaici,0.0,4.718447854656915e-16
aaicj,0.0,0.0
EX_01013_,0.0,0.0
aaida,0.0,0.0
aaidb,0.0,0.0
EX_01014_,0.0,0.0
aaidc,0.0011507300000000002,5.85516257102871e-06
aaidd,0.0,0.0
aaide,0.0,0.0
EX_01015_,0.0,0.0
aaidf,0.0,0.0
aaidg,0.0,0.0
EX_01018_,0.0,0.0
aaidh,0.0,0.0
aaidi,0.0,0.0
aaidj,0.0,0.0
EX_01020_,0.0,0.0
aaiea,-1.699999950308474e-08,0.0
aaieb,0.0,0.0
aaiec,0.22421676134287813,0.02613622145580731
aaied,0.0,0.0
aaiee,0.0,0.0
aaief,0.0,0.0
EX_01022_,0.0,0.0
aaieg,0.0,0.0
aaieh,0.0,0.0
aaiei,0.0,0.0
aaiej,0.0,0.0
aaifa,0.0,0.0
aaifb,0.0,0.0
aaifc,-0.5143671098189629,0.0
aaifd,0.0,0.0
aaife,0.0,0.0
aaiff,0.0,0.0
aaifg,0.0,0.0
aaifh,1.0,0.9999999999999996
aaifi,0.0,0.0
aaifj,0.0,0.0
aaiga,0.0,0.025672936153108394
aaigb,-0.008342682,-0.021768163720318603
aaigc,0.0,0.0
aaigd,-6.8e-09,-1.7742916881905183e-08
aaige,0.0,0.0
aaigf,0.0,0.0
EX_01031_,0.0,0.0
aaigg,0.0,0.0
aaigh,0.0,0.0
aaigi,0.00012756800000000002,0.00033285712070454124
aaigj,0.0,0.0
EX_01033_,0.0,0.0
aaiha,0.0,0.0
aaihb,0.0,0.0
aaihc,0.0,0.0
aaihd,0.0,0.0
EX_01035_,0.0,0.0
aaihe,0.0,0.0
aaihf,0.0,-0.9181190309321311
aaihg,0.0,0.0
aaihh,0.0,0.0
aaihi,0.0,0.0
aaihj,0.0,0.0
aaiia,0.0,0.0
aaiib,0.0,0.0
EX_01041_,0.0,0.0
aaiic,0.0,0.0
aaiid,0.5278136678189613,0.9532046732056745
aaiie,0.0,0.0
aaiif,0.0,0.0
aaiig,2.3800000000000003e-05,6.210020908666814e-05
aaiih,0.0,0.0
aaiii,0.0,0.0
aaiij,0.0,0.0
aaija,0.0,0.0
aaijb,0.0,0.0
EX_01049_,0.0,0.0
aaijc,0.0,0.0
aaijd,0.0,0.0
aaije,0.0,0.0
EX_01050_,0.0,0.0
aaijf,0.0,0.0
aaijg,0.0,0.0
aaijh,0.0,0.0
aaiji,0.005735018000000203,0.0
aaijj,0.0,0.0
aajaa,0.0,0.0
aajab,0.20191266907143346,0.0
aajac,0.0,0.0
EX_01053_,0.0,0.0
aajad,0.0,0.0
aajae,0.0,0.0
aajaf,0.0,0.0
aajag,7.48e-05,0.000195172085700957
aajah,0.0,0.0
aajai,0.0,0.0
aajaj,0.0,0.0
aajba,0.0,0.0
aajbb,0.0,0.0
aajbc,2.3800000000000003e-05,6.210020908666814e-05
aajbd,0.0,0.0
aajbe,0.0,0.0
EX_01063_,0.0,0.0
aajbf,0.0,0.0
aajbg,0.0,0.0
EX_01064_,0.0,0.0
aajbh,0.0,0.0
aajbi,0.0,0.0
aajbj,0.0,0.0
aajca,0.0,0.0
aajcb,0.0,0.0
aajcc,0.0,0.0
EX_01065_,0.0,0.0
aajcd,0.0,0.0
EX_01066_,0.0,0.0
aajce,0.0,0.0
aajcf,0.0,0.0
aajcg,0.0,0.0
aajch,0.0,0.0
aajci,0.0013488480000000001,0.003519484992694712
aajcj,0.0,0.0
aajda,0.0,0.0
aajdb,0.0,0.0
aajdc,2.0400000000000003e-07,5.322875064567127e-07
aajdd,0.0,0.0
aajde,0.0,0.0
aajdf,0.0,0.0
aajdg,0.0,0.0
aajdh,0.0,0.0
aajdi,0.0026234400000000003,0.00684521733303902
aajdj,0.0,0.0
EX_01078_,0.0,0.0
aajea,0.0,0.0
EX_01079_,0.0,0.0
aajeb,0.0,-3.6089092937794944e-06
aajec,0.0,0.0
EX_01080_,0.0,0.0
aajed,-0.20191266907143346,0.0
aajee,0.0,0.0
EX_01081_,0.0,0.0
aajef,0.0,0.0
aajeg,0.0,0.0
EX_01082_,0.0,0.0
aajeh,0.0,0.0
aajei,0.0,0.0
aajej,0.0,0.0
aajfa,0.0,0.0
aajfb,0.0,0.0
aajfc,0.0,0.0
aajfd,-0.008342682,-0.021768163720318603
aajfe,0.0,0.0
EX_01086_,0.0,0.0
aajff,0.0,0.0
aajfg,0.0,0.0
aajfh,0.00012756800000000002,0.0003328571207045413
aajfi,-0.006064648000000001,-0.015824197850295957
aajfj,0.0,0.0
aajga,0.00012756800000000002,0.0003328571207045411
aajgb,0.0,0.0
aajgc,0.0,0.0
aajgd,0.0,0.0
aajge,0.0,0.0
aajgf,0.0,-8.871458521964026e-08
aajgg,0.0,0.0
aajgh,0.0,0.0
aajgi,0.0,0.0
EX_01091_,0.0,0.0
aajgj,0.0,0.0
aajha,0.0,0.0
aajhb,0.0,0.0
aajhc,0.0,0.0
aajhd,0.0,0.011972920311909618
EX_01095_,-0.00458864,-0.011972920311909618
aajhe,0.0,0.0
aajhf,0.0,0.0
aajhg,-0.015295511999998243,0.015824197850295957
aajhh,0.0,-3.2786273695961654e-16
aajhi,0.01825647,0.04763573967161698
aajhj,0.0,0.0
aajia,0.0,0.0
aajib,0.007424410000000001,0.019372160224586127
aajic,0.0,-1.5612511283791264e-17
aajid,0.0,0.0
aajie,0.0,0.0
aajif,0.0,0.0
aajig,0.0,0.0
aajih,0.0,0.0
aajii,0.0,0.0
aajij,0.0,0.0
aajja,0.0,0.0
EX_01109_,0.0,0.0
aajjb,0.0,0.0
EX_01111_,0.0,0.0
aajjc,0.0,0.0
aajjd,0.0,0.0
EX_01112_,0.0,0.0
aajje,0.0,0.0
aajjf,0.0,0.0
EX_01113_,0.0,0.0
aajjg,0.0,0.0
aajjh,0.0,0.0
aajji,0.0,0.0
aajjj,6.561999999999947e-06,1.712191479103839e-05
abaaa,0.0,0.0
abaab,0.0,0.0
abaac,0.0,0.0
abaad,0.0,0.0
abaae,0.0,0.0
abaaf,0.0026234400000000003,0.00684521733303902
abaag,0.0,0.0
abaah,0.003142484000000001,0.008199534178634832
abaai,0.0,0.0
abaaj,0.0,0.0
ababa,0.0,0.0
ababb,0.0,0.0
EX_01124_,0.0,0.0
ababc,0.0,0.0
ababd,0.0,0.0
ababe,0.0,0.0
EX_01125_,0.0,0.0
ababf,0.00492643,0.012854299708018217
ababg,0.0,0.0
ababh,0.0,0.0
ababi,0.005265206000000001,0.013738251827074773
ababj,0.0,0.0
abaca,0.0,0.0
EX_01126_,0.0,0.0
abacb,2.0400000000000003e-07,5.322875064567127e-07
abacc,0.0,0.0
abacd,0.0,0.0
abace,0.0,0.0
abacf,0.0,0.0
abacg,0.010191636,0.02659255153509299
abach,0.545915335818963,1.0004363179453015
abaci,-0.545915335818963,-1.0004363179453015
abacj,0.0,0.0
abada,0.0,0.0
abadb,0.0,0.0
EX_01128_,0.0,0.0
abadc,0.0,0.0
abadd,0.0,0.0
EX_01130_,0.0,0.0
abade,0.0,0.0
abadf,0.0,0.0
abadg,0.47728618108574766,0.0
abadh,0.0,0.0
abadi,0.0,0.12755586989945777
abadj,0.0,0.0
abaea,0.0,0.0
EX_01133_,0.0,0.0
abaeb,0.0,0.0
abaec,0.0,0.0
abaed,0.0,0.0
EX_01139_,0.0,0.0
abaee,0.0,0.0
abaef,0.0,0.0
abaeg,0.0,0.0
abaeh,0.016604376000000805,0.04332492058598721
abaei,0.0,0.0
abaej,0.0,0.0
abafa,0.0,0.0
abafb,-0.00020828400000000004,-0.0005434655440927555
abafc,0.0,-0.8553160249077683
abafd,0.0,0.0
abafe,0.0,-3.8641751966846876
abaff,0.0,3.8641751966846876
abafg,0.0,0.0
abafh,0.0,0.0
abafi,0.0,0.0
abafj,0.0,0.0
abaga,0.0013488480000000001,0.003519484992694712
abagb,0.0,0.0
abagc,0.0,0.0
EX_01148_,0.0,0.0
abagd,0.0,0.0
abage,7.48e-05,0.000195172085700957
abagf,0.0,0.0
abagg,1.3831199999999903e-06,3.608909293779496e-06
abagh,0.0,0.0
abagi,0.0,0.0
abagj,0.0,0.0
abaha,0.0,0.0
abahb,-0.0237486259999984,-0.061966338778798674
abahc,0.0,0.0
abahd,0.0,0.0
abahe,0.0,0.0
abahf,0.007424410000000001,0.019372160224586127
abahg,0.0,0.0
abahh,0.0,0.0
abahi,0.5143671098189629,0.9181190309321307
abahj,0.5143671098189629,0.9181190309321307
abaia,0.24434375834287891,0.07865268270330045
abaib,0.0,0.0
abaic,0.0,0.0
abaid,0.0,0.0
abaie,0.0,0.0
abaif,0.0,0.0
abaig,0.0,0.0
abaih,0.0,0.0
abaii,0.0,0.0
abaij,0.0,0.0
abaja,0.0,0.0
abajb,0.0,0.0
abajc,0.0,0.0
abajd,0.0,0.0
abaje,0.0,0.0
abajf,0.0,0.0
abajg,0.0,0.0
abajh,0.0,0.0
abaji,0.0,0.0
EX_01165_,0.0,0.0
abajj,0.0,0.0
abbaa,0.0,0.0
abbab,1.3831199999999903e-06,3.608909293779493e-06
abbac,0.21420011654287383,0.0
abbad,0.0,0.0
abbae,0.0,0.0
abbaf,3.3694e-05,8.791615314984017e-05
abbag,0.0,0.0
abbah,-1.535100000049681e-05,-4.009899215310548e-05
abbai,0.0,0.0
abbaj,1.535100000049681e-05,4.009899215310548e-05
abbba,-1.535100000049681e-05,-4.009899215310548e-05
abbbb,-1.535100000049681e-05,-4.0098992153105517e-05
abbbc,-1.5043640000496812e-05,-3.929701231004337e-05
abbbd,0.0,0.0
abbbe,-1.258476000049683e-05,0.0
abbbf,-1.258476000049683e-05,-3.2881173565546496e-05
abbbg,1.258476000049683e-05,3.2881173565546496e-05
abbbh,0.0,0.0
abbbi,-0.051005985360006396,-3.689107278085705e-05
abbbj,0.0,0.0
abbca,0.0,0.0
abbcb,0.005265206000000001,0.013738251827074773
abbcc,0.0,0.0
abbcd,0.0,0.0
abbce,0.0013608840000000001,0.0035508899555756843
abbcf,0.0,0.0
abbcg,0.0,0.0
abbch,0.0,0.0
abbci,0.0,0.0
EX_01185_,0.0,0.0
abbcj,0.0,0.0
abbda,8.047800000000001e-05,0.00020998742129734786
abbdb,0.00020828400000000004,0.0005434655440927556
abbdc,0.0,0.0
abbdd,0.00012756800000000002,0.00033285712070454124
abbde,0.0,0.0
abbdf,0.0,-1.6263032587282567e-19
abbdg,0.0,0.0
abbdh,0.0,0.0
abbdi,0.565618573818963,1.0518470406127127
abbdj,0.0,0.0
abbea,0.0,0.0
abbeb,0.01825647,0.04763573967161698
abbec,0.0,-0.013827409984406347
abbed,0.0,-3.2881173565546496e-05
abbee,1.5043640000496812e-05,3.929701231004337e-05
abbef,0.0,0.0
abbeg,0.0,0.0
abbeh,0.0,-4.009899215310548e-05
abbei,0.0,0.0
abbej,0.0,0.0
abbfa,0.0509918638000059,0.0
abbfb,0.0,0.0
abbfc,0.0,0.0
abbfd,0.0,0.0
abbfe,0.0,0.0
abbff,0.0004487830000004969,0.001171032514205742
abbfg,0.0,0.0
EX_01196_,0.0,0.0
abbfh,0.007424410000000001,0.019372160224586127
abbfi,0.0,0.0
abbfj,0.0,0.0
abbga,0.0,0.0
EX_01199_,0.0,0.0
abbgb,1.4121560000496818e-05,3.689107278085705e-05
abbgc,1.535100000049681e-05,4.009899215310548e-05
abbgd,1.535100000049681e-05,4.0098992153105517e-05
abbge,0.0,0.0
EX_01202_,0.0,0.0
abbgf,-1.5043640000496812e-05,-3.929701231004337e-05
abbgg,0.0,0.0
EX_01204_,0.0,0.0
abbgh,0.0,0.0
abbgi,-1.535100000049681e-05,-4.0098992153105517e-05
abbgj,0.0,0.0
abbha,0.0,0.0
abbhb,0.0,0.0
abbhc,-1.4121560000496818e-05,-3.689107278085705e-05
abbhd,0.0,0.0
abbhe,-1.535100000049681e-05,-4.009899215310551e-05
abbhf,0.0,0.0
EX_01207_,0.0,0.0
abbhg,-1.535100000049681e-05,-4.009899215310548e-05
abbhh,0.00458864,0.0
abbhi,-1.535100000049681e-05,0.0
abbhj,-1.535100000049681e-05,-4.009899215310551e-05
abbia,0.0,0.0
EX_01210_,0.0,0.0
abbib,0.0,0.0
EX_01211_,0.0,0.0
abbic,0.0,0.0
abbid,0.0,0.0
EX_01212_,0.0,0.0
abbie,-0.019381632000000003,-0.050571571413481425
abbif,0.0,0.0
EX_01213_,0.0,0.0
abbig,0.0,0.0
abbih,0.0,0.0
abbii,0.0,0.0
abbij,0.0,0.0
abbja,0.0,0.0
abbjb,0.0,0.0
abbjc,0.0,0.0
EX_01217_,0.0,0.0
abbjd,4.114e-06,1.0734464713551585e-05
abbje,0.0,0.0
abbjf,0.0,0.0
abbjg,0.0,0.0
abbjh,0.006504608000000001,0.016972164572555234
abbji,0.0,0.0
abbjj,0.0,0.0
abcaa,0.0,0.0
abcab,0.0,0.0
abcac,0.0,0.0
abcad,0.0,0.0
abcae,0.0,0.0
abcaf,0.0,0.0
abcag,0.0,0.0
abcah,0.0,0.0
abcai,0.0,0.0
abcaj,0.0,0.0
abcba,0.0,0.0
abcbb,0.0,0.0
abcbc,0.0,0.0
abcbd,0.0,0.0
abcbe,0.008407690000000002,0.021937786005709607
abcbf,0.0,0.0
abcbg,0.0,0.0
EX_01228_,0.0,0.0
abcbh,0.0,0.0
abcbi,0.0,0.0
abcbj,0.0,0.0
EX_01229_,0.0,0.0
abcca,0.0,0.050571571413481425
abccb,0.0,0.0
abccc,0.0,0.0
abccd,0.0,0.0
abcce,0.0,0.0
EX_01233_,0.0,0.0
abccf,0.0,0.0
abccg,0.0,0.0
abcch,0.0,0.0
abcci,0.0,0.0
abccj,0.0,0.0
EX_01235_,0.0,0.0
abcda,0.0,0.0
abcdb,0.0,0.0
abcdc,0.0,0.0
abcdd,0.0,0.0
abcde,0.0,0.0
abcdf,0.0,0.0
abcdg,0.0,0.0
abcdh,0.0,0.0
abcdi,0.0,0.0
abcdj,0.0,0.0
abcea,0.0,0.0
abceb,0.0,0.0
abcec,0.0,0.0
EX_01242_,0.0,0.0
abced,0.0,0.0
abcee,0.0,0.0
EX_01243_,0.0,0.0
abcef,0.0,0.0
abceg,0.0,0.0
abceh,0.0,0.0
abcei,0.0,0.0
abcej,0.0,0.0
abcfa,0.0,0.0
abcfb,-0.4754877282475863,-0.7492193653550114
abcfc,0.0,0.0
abcfd,0.0,0.0
abcfe,0.0,0.0
abcff,0.0,0.0
abcfg,0.009839123999998397,0.0
abcfh,0.0,0.0
abcfi,9.220799999999937e-07,2.405939529186329e-06
abcfj,2.4412000000000003e-05,6.369707160603678e-05
abcga,-0.003142484000000001,-0.008199534178634832
abcgb,0.0,0.0
abcgc,0.0,0.0
abcgd,-3.3070270362341305,-4.003472837885322
abcge,0.0,0.0
abcgf,-0.0107226139999992,0.0
abcgg,0.0,0.0
EX_01247_,0.0,0.0
abcgh,0.0,0.0003328571207045412
abcgi,0.0,0.0
abcgj,0.0,0.0
abcha,0.0,0.0
abchb,0.0026234400000000003,0.00684521733303902
abchc,0.0,0.0
abchd,0.0,0.0
abche,0.0013488480000000001,0.003519484992694712
abchf,0.0,0.0
abchg,0.0,0.0
abchh,0.0,0.0
EX_01248_,0.0,0.0
abchi,0.008342682,0.021768163720318603
abchj,0.0,0.0
abcia,0.0,0.0
abcib,0.0036078419999991977,0.009413859410034841
abcic,0.0,0.0
abcid,1.0,1.0
abcie,0.0,0.0
EX_01251_,0.0,0.0
abcif,0.0,0.0
abcig,0.0,0.0
EX_01252_,0.0,0.0
abcih,0.0,0.0
abcii,4.0585773809652705,5.810277087606379
abcij,0.0,0.0
abcja,0.016604376000000805,0.04332492058598721
abcjb,0.0,0.0
EX_01253_,0.0,0.0
abcjc,0.0,0.0
abcjd,0.0,0.0
abcje,0.0,0.0
abcjf,0.0,0.0
abcjg,0.0,0.0
abcjh,0.0,0.0
abcji,0.0,0.0
abcjj,0.0,0.0
EX_01258_,0.0,0.0
abdaa,0.0,0.0
abdab,0.0,0.0
abdac,-1.3831200000001542e-06,0.0
abdad,0.0,0.0
abdae,-0.9415725411618395,-1.4739041209610049
abdaf,-0.2793541805428738,-0.17000340324563684
abdag,0.0,0.0
abdah,0.0,0.0
abdai,-0.0107226139999992,-0.027978184628988628
abdaj,0.0,0.0
abdba,0.0,0.0
abdbb,0.0,0.0
abdbc,0.0011484860000000002,0.0029966899467693767
abdbd,0.0,0.0
abdbe,0.0,0.0
abdbf,0.0,0.0029966899467693767
abdbg,0.0,0.0
EX_01262_,0.0,0.0
abdbh,0.0,0.0
abdbi,0.0,0.0
abdbj,-1.734723475976807e-18,0.0
abdca,0.0,0.0
abdcb,0.0,0.0
abdcc,0.0,0.0
abdcd,0.0,0.0
abdce,0.0,0.0
EX_01265_,0.0,0.0
abdcf,0.0,0.0
EX_01266_,0.0,0.0
abdcg,0.0,0.0
abdch,0.0,0.0
EX_01268_,0.0,0.0
abdci,0.21420011654287383,8.871458440952588e-08
abdcj,0.0,0.0
abdda,0.3980885385428697,0.47981176520392077
EX_01269_,-0.3980885385428697,-0.47981176520392077
abddb,0.0,0.0
abddc,0.0,0.0
abddd,0.0,0.0
abdde,0.0,0.0
abddf,0.0,0.0
abddg,0.0,0.0
abddh,0.0,0.0
abddi,0.0,0.0
abddj,0.0,0.0
abdea,0.0,0.0
EX_01270_,0.0,0.0
abdeb,0.0,0.0
EX_01271_,0.0,0.0
abdec,0.0016577719999999994,0.004325545706639664
abded,0.0,0.0
abdee,0.0036078419999991977,0.009413859410034841
abdef,0.0,0.0
abdeg,0.0001496,0.000390344171401914
abdeh,0.0,0.0
EX_01274_,0.0,0.0
abdei,0.0,0.0
abdej,0.0,0.0
abdfa,4.791543138375411,5.867654201763161
abdfb,0.0,0.0
abdfc,0.0,0.0
EX_01275_,0.0,0.0
abdfd,0.0,0.0
abdfe,0.019381632000000003,0.050571571413481425
abdff,0.0,0.0
abdfg,0.0,0.0
EX_01276_,0.0,0.0
abdfh,0.0,0.0
abdfi,0.0,0.0
abdfj,0.0,0.0
abdga,0.0026234400000000003,0.00684521733303902
abdgb,0.0,0.0
abdgc,0.0,0.0
abdgd,0.0,0.0
abdge,0.0,0.0
abdgf,0.0,0.0
abdgg,0.0,0.0
abdgh,0.0,0.0
abdgi,0.0,0.0
abdgj,0.0,0.0
abdha,0.0,0.0
abdhb,0.0,0.0
abdhc,0.0,0.0
abdhd,0.0,0.0
abdhe,0.0,0.0
abdhf,0.0,0.0
abdhg,0.0,0.0
abdhh,0.0001496,0.000390344171401914
abdhi,0.0,0.0
abdhj,0.01825647,0.04763573967161698
abdia,0.0,0.0
abdib,0.0,0.0
abdic,0.0,0.0
abdid,0.0,0.0
abdie,0.007424410000000001,0.019372160224586127
abdif,0.0036078419999991977,0.009413859410034841
abdig,-0.007424410000000001,-0.019372160224586127
abdih,0.0,0.0
abdii,-0.01825647,-0.04763573967161698
abdij,-3.399999983638713e-08,-8.871458488486038e-08
abdja,0.0,0.0
abdjb,0.0,0.0
EX_01282_,0.0,0.0
abdjc,0.0,0.0
abdjd,0.0,0.0
abdje,0.0,0.0
abdjf,0.0,0.0
EX_01284_,0.0,0.0
abdjg,0.0,0.0
abdjh,0.0,0.0
abdji,0.0,0.0
abdjj,0.0,0.0
abeaa,0.0,0.0
abeab,0.0,0.0
abeac,0.0,0.0
abead,0.004573509999999199,0.011933531036434198
abeae,0.0,0.0
abeaf,0.0,0.0
abeag,0.0,0.0
abeah,2.312e-06,6.0325917398472255e-06
abeai,0.0,0.0
abeaj,6.7388e-05,0.00017583230629968034
abeba,0.0,0.0
abebb,0.0,0.0
abebc,0.0,0.0
abebd,0.0,0.0
EX_01291_,0.0,0.0
abebe,0.0,0.0
abebf,0.0,0.0
abebg,0.0,0.0
abebh,0.0,0.0
abebi,0.0,0.0
abebj,0.0,0.0
abeca,0.0,0.0
abecb,0.0,0.0
abecc,0.0,0.0
abecd,0.0,0.0
abece,0.0,0.0
abecf,0.0,0.0
abecg,0.0,0.0
abech,0.0,0.0
abeci,0.0,0.0
abecj,0.0,0.0
abeda,0.0,0.0
abedb,0.0,0.0
abedc,0.0,0.0
abedd,0.0,0.0
abede,0.0,0.0
abedf,0.021360159999998244,0.0
abedg,0.0,0.0
abedh,0.0,0.0
abedi,0.0,0.0
abedj,0.0,0.0
EX_01301_,0.0,0.0
abeea,0.0,0.0
EX_01302_,0.0,0.0
abeeb,0.0,0.0
EX_01303_,0.0,0.0
abeec,0.0,0.0
abeed,0.0,0.0
abeee,0.0,0.0
EX_01304_,0.0,0.0
abeef,0.0,0.0
abeeg,0.0,0.0
abeeh,0.0,0.0
abeei,0.0,0.0
abeej,0.0,0.0
abefa,0.0,0.0
abefb,0.0,0.0
abefc,0.0,0.0
abefd,0.0,0.0
abefe,0.0,0.0
abeff,0.0,0.0
abefg,0.0,-8.871458440961474e-08
abefh,0.0,0.0
abefi,0.0,0.0
abefj,0.0,0.0
abega,0.0,0.0
abegb,0.0,0.0
abegc,0.0,0.0
abegd,0.0,0.0
abege,0.0,0.0
abegf,0.0,0.0
EX_01309_,0.0,0.0
abegg,0.0,0.0
abegh,0.0,0.0
abegi,0.0,0.0
abegj,0.0,0.0
abeha,0.0,0.0
abehb,0.0,0.0
abehc,0.0,0.0
abehd,0.0,0.0
EX_01315_,0.0,0.0
abehe,0.0,0.0
abehf,0.0,0.0
abehg,0.0,0.0
abehh,0.0,0.0
abehi,0.0,0.0
EX_01316_,0.0,0.0
abehj,0.0,0.0
EX_01318_,0.0,0.0
abeia,0.0,0.0
EX_01319_,0.0,0.0
abeib,0.0,0.0
EX_01320_,0.0,0.0
abeic,0.0,0.0
EX_01321_,0.0,0.0
abeid,0.0,0.0
abeie,0.0,0.0
abeif,0.0,0.0
abeig,3.3694e-05,8.791615314984017e-05
abeih,0.002481286,0.006474301655622792
abeii,0.0,0.0
EX_01323_,0.0,0.0
abeij,0.0,0.0
abeja,0.0,0.0
abejb,0.0,0.0
abejc,0.0,0.0
abejd,0.0,0.0
abeje,0.0,0.0
abejf,0.0,0.0
abejg,0.0,0.0
abejh,0.5143671098189629,0.9181190309321307
abeji,0.0,0.0
EX_01325_,0.0,0.0
abejj,-1.3831200000001542e-06,-3.6089092937794944e-06
abfaa,0.0,0.0
abfab,0.0,0.0
EX_01326_,0.0,0.0
abfac,0.0,0.0
abfad,0.0,0.0
EX_01327_,0.0,0.0
abfae,0.0107226139999992,0.0
abfaf,0.0,0.0
abfag,0.0,0.0
abfah,0.0,0.0
abfai,0.0,0.0
abfaj,0.0,0.0
abfba,0.0,0.0
EX_01331_,0.0,0.0
abfbb,0.0,0.0
EX_01333_,0.0,0.0
abfbc,0.0,0.0
abfbd,0.0,0.0
abfbe,-0.007424410000000001,-0.019372160224586127
abfbf,0.0,0.0
abfbg,0.0,0.0
abfbh,0.0,0.0
abfbi,0.2617251805428738,0.12400489122929767
abfbj,0.0,0.0
abfca,0.0,0.0
abfcb,0.0,0.0
abfcc,0.0,0.0
abfcd,0.0,0.0
EX_01339_,0.0,0.0
abfce,0.0,0.0
abfcf,0.0,0.0
abfcg,0.0,0.0
abfch,0.0,0.0
abfci,0.0,0.0
abfcj,0.0,0.0
abfda,0.0,0.0
abfdb,0.0,0.0
abfdc,0.545915335818963,1.0004363179453015
abfdd,0.0,0.0
abfde,-0.011360556,-0.02964255894709253
abfdf,0.011360556,0.02964255894709253
abfdg,0.007424410000000001,0.019372160224586127
abfdh,0.0,0.0
abfdi,0.0,0.0
abfdj,0.0,0.0
abfea,0.0,0.0
abfeb,0.0,0.0
abfec,0.0,0.0
abfed,0.0,0.0
abfee,0.0,0.0
abfef,2.612559999999982e-06,6.816828666027933e-06
abfeg,0.0,0.0
abfeh,0.0,0.0
abfei,0.0,0.0
abfej,0.0,0.0
abffa,1.5367999999999894e-05,4.009899215310548e-05
abffb,0.0,0.0
abffc,0.0,0.0
abffd,1.6631183374568892,3.067511768878591
abffe,0.0,0.0
abfff,1.3831199999999903e-06,3.608909293779493e-06
abffg,0.0,0.0
abffh,0.0,0.0
abffi,0.0,0.0
abffj,0.0,0.0
abfga,0.0,0.0
abfgb,0.0,0.0
EX_01361_,0.0,0.0
EX_01362_,0.0,0.0
abfgc,0.0,0.0
abfgd,0.0,0.0
EX_01363_,0.0,0.0
abfge,0.0,0.0
abfgf,1.5367999999999894e-05,4.009899215310548e-05
abfgg,0.0,0.0
abfgh,0.0,0.0
abfgi,0.0,0.0
abfgj,0.0,0.0
abfha,0.0,0.0
abfhb,0.0,0.0
abfhc,2.0,2.0
abfhd,0.0,0.0
EX_01365_,0.0,0.0
EX_01366_,0.0,0.0
abfhe,0.0,0.0
EX_01367_,0.0,0.0
abfhf,-3.400000000075218e-08,-8.871458392065441e-08
EX_01368_,0.0,-8.871458392065441e-08
abfhg,0.0,0.0
abfhh,2.030133698602635,2.907343383338145
EX_01369_,-2.030133698602635,-2.907343383338145
abfhi,0.0,0.0
abfhj,0.010191636,0.02659255153509299
abfia,2.029379397722635,2.905384845652469
abfib,0.0,0.0
abfic,0.0,0.0
abfid,-0.9415725411618395,-1.4739041209610049
abfie,0.019085662000000805,0.04979922224161001
abfif,0.0,0.0
abfig,0.0,0.0
abfih,0.0,0.0
EX_01375_,0.0,0.0
abfii,0.0,0.0
abfij,0.0,0.0
abfja,0.0,0.0
abfjb,0.019381632000000003,0.0
abfjc,0.0,0.0
abfjd,7.48e-05,0.000195172085700957
abfje,0.0,0.0
abfjf,0.010758325333333013,0.028071216656503795
abfjg,-0.017629,-0.045998512016339185
abfjh,0.0,0.0
abfji,0.0,0.0
abfjj,1.5855333333012617e-05,4.1400139392037304e-05
abgaa,0.0,8.871458440952588e-08
abgab,-3.4e-08,0.0
abgac,0.00390864,0.010198628623719098
abgad,1.3831199999999903e-06,3.608909293779493e-06
abgae,0.0,0.0
abgaf,0.0,0.0
abgag,0.0,0.0
abgah,0.006064648000000001,0.015824197850295957
abgai,0.0,0.0
abgaj,0.0,0.0
abgba,0.0,0.0
abgbb,0.0,0.0
abgbc,0.0,0.0
abgbd,0.0,0.0
abgbe,0.0,0.0
abgbf,0.0,0.0
abgbg,-1.699999950308474e-08,0.0
abgbh,0.0,0.0
abgbi,0.0,0.0
abgbj,0.0,0.0
abgca,0.0,0.0
abgcb,5.83983999999996e-06,1.5237617018180081e-05
abgcc,0.0,0.0
abgcd,1.699999950308474e-08,0.0
abgce,0.0,0.0
abgcf,0.0,0.0
abgcg,0.0,0.0
abgch,0.0,0.0
abgci,0.0,0.0
abgcj,0.0,0.0
abgda,0.0,0.0
abgdb,0.0,0.0
abgdc,0.0,0.0
abgdd,0.0,0.0
abgde,0.0,0.0
abgdf,0.9415725411618395,1.4739041209610049
abgdg,0.0,0.0
abgdh,0.0,0.0
EX_01393_,0.0,0.0
abgdi,0.00432497,0.011284938709813749
abgdj,-0.08272584199999919,-0.22968010731540844
abgea,0.0,0.0
EX_01394_,0.0,0.0
abgeb,0.0,0.0
abgec,0.03339718,0.08714167482794516
abged,0.0,0.0
abgee,0.0,0.0
abgef,0.0,0.0
abgeg,0.0,0.0
abgeh,0.0,0.0
abgei,0.0,0.0
abgej,0.0,0.0
abgfa,0.0,0.0
abgfb,0.0,0.0
abgfc,0.0,0.0
abgfd,0.0,0.0
abgfe,0.0,0.0
abgff,0.0,0.0
abgfg,0.0,0.0
abgfh,0.0,0.0
abgfi,0.0,0.0
abgfj,0.0,0.0
abgga,0.0,0.0
abggb,0.019085662000000805,0.04979922224161001
abggc,0.0,0.0
abggd,0.0,0.0
abgge,0.014835559999998396,0.03870989919042616
abggf,0.0,0.0
abggg,0.0,0.0
abggh,0.0,0.0
abggi,0.0,0.0
abggj,0.0,0.9181190309321311
abgha,0.0,0.0
abghb,0.0,0.0
abghc,0.0,0.0
EX_01403_,0.0,0.0
abghd,0.0,0.0
abghe,0.0,0.0
abghf,0.0,0.0
abghg,0.0,0.0
EX_01405_,0.0,0.0
abghh,0.0,0.0
abghi,0.0,0.0
abghj,0.0,0.0
abgia,-6.8e-09,-1.7742916881905183e-08
abgib,-0.00012756800000000002,-0.00033285712070454124
abgic,0.046729464,0.12192896995411477
abgid,0.0,0.0
abgie,0.0,0.0
EX_01410_,0.0,0.0
abgif,0.0,0.0
EX_01412_,0.0,0.0
abgig,0.0,0.0
abgih,0.0,0.0
abgii,-3.399999983638713e-08,0.0
abgij,0.0,0.0
abgja,0.0,0.0
abgjb,0.0,0.0
abgjc,0.0004488,0.001171032514205742
abgjd,0.0,0.0
abgje,1.535100000049681e-05,4.009899215310548e-05
abgjf,0.0,0.0
abgjg,1.4121560000496818e-05,3.689107278085705e-05
abgjh,0.0,0.0
abgji,1.258476000049683e-05,3.2881173565546496e-05
abgjj,0.0,0.0
abhaa,0.0,0.0
abhab,0.0,0.0
EX_01425_,0.0,0.0
abhac,0.0,0.0
abhad,0.0,0.0
abhae,0.0,0.0
abhaf,0.0,0.0
abhag,2.3800000000000003e-05,6.210020908666814e-05
abhah,0.0,0.0
abhai,0.0,0.0
abhaj,0.0,0.0
abhba,0.0,0.0
abhbb,8.047800000000001e-05,0.00020998742129734786
abhbc,0.0,0.0
abhbd,0.0,0.0
abhbe,0.0,0.0
abhbf,0.0,0.0
abhbg,0.0,0.0
abhbh,0.0,0.0
abhbi,0.0,0.0
abhbj,0.0,0.0
abhca,0.0,0.0
abhcb,0.0,0.0
abhcc,0.0,0.0
abhcd,0.0,0.0
abhce,0.0,0.0
EX_01436_,0.0,0.0
abhcf,0.0,0.0
abhcg,7.48e-05,0.000195172085700957
abhch,0.0,0.0
abhci,2.3800000000000003e-05,6.210020908666814e-05
abhcj,0.0,0.0
abhda,0.0,0.0
abhdb,0.0,0.0
abhdc,0.0,0.0
abhdd,0.0,0.0
abhde,0.0,0.0
abhdf,0.5125181558189631,0.9690288710559705
abhdg,0.0,0.0
abhdh,-1.5855333333012617e-05,-4.1400139392037304e-05
abhdi,0.0,0.0
abhdj,0.0,0.0
abhea,0.0,0.0
abheb,0.0,0.0
abhec,0.0,0.0
abhed,0.0,0.0
abhee,1.5351000000496808e-05,4.001027756869587e-05
abhef,0.00390864,0.010198628623719098
abheg,1.535100000049681e-05,4.009899215310548e-05
abheh,0.0,0.0
abhei,1.699999950308474e-08,0.0
abhej,0.0,0.0
abhfa,0.0,0.0
abhfb,0.0,0.0
abhfc,0.0,0.0
abhfd,0.0,0.0
abhfe,0.0,0.050571571413481425
abhff,0.0004488,0.001171032514205742
abhfg,0.010304073999998397,0.026886108094908982
abhfh,0.00390864,0.010198539909134689
abhfi,7.48e-05,0.000195172085700957
abhfj,0.0,0.0
abhga,0.0,0.0
abhgb,0.0,0.0
abhgc,0.0,0.0
abhgd,1.5351000000496808e-05,4.001027756869587e-05
abhge,0.0,0.0
abhgf,1.535100000049681e-05,4.009899215310548e-05
abhgg,0.0,0.0
abhgh,1.5043640000496812e-05,3.929701231004337e-05
abhgi,0.0,0.0
abhgj,0.1321827179999992,0.3448981738172803
abhha,0.0,0.0
abhhb,0.0,0.0
abhhc,0.0,0.0
abhhd,-0.006231281999999198,-0.01625907674307386
abhhe,-0.012472389999998397,-0.032543792001041766
abhhf,0.006231281999999198,0.01625907674307386
abhhg,0.0036078419999991977,0.0
abhhh,0.0,0.009413859410034841
abhhi,0.0,0.0
abhhj,0.0,0.0
abhia,0.0,0.0
abhib,0.0,0.0
abhic,0.0,0.0
abhid,0.0,0.0
abhie,0.0,0.0
abhif,0.0,0.0
abhig,0.0,0.0
abhih,0.0,0.0
abhii,0.0,0.0
abhij,0.0,-8.871458521964026e-08
abhja,0.0,0.0
abhjb,0.0,0.0
abhjc,0.0,0.0
abhjd,0.0,0.0
abhje,0.0,0.0
abhjf,0.0,0.0
abhjg,0.0,0.0
abhjh,0.0011484860000000002,0.0
abhji,-3.3881317890172014e-21,-8.871458440961474e-08
EX_01456_,-3.3881317890172014e-21,-8.871458440961474e-08
abhjj,4.287369047676448,6.021802623197712
abiaa,0.0036078419999991977,0.009413859410034841
abiab,0.0,0.0
abiac,0.0,0.0
abiad,0.0,0.0
abiae,0.0,0.0
abiaf,0.0,0.0
abiag,0.01074247,0.02802981651711176
abiah,4.789695567495411,6.964238942718589
abiai,0.0,0.0
abiaj,0.0,0.0
abiba,0.0,0.0
abibb,0.0,0.0
abibc,0.0,0.0
abibd,0.0,0.0
abibe,0.0,0.0
abibf,0.0,0.0
abibg,0.0,0.0
abibh,0.0,0.0
abibi,0.0,0.0
abibj,0.0,0.0
abica,0.0,-0.1872484396854984
abicb,0.0,0.0
abicc,0.0,0.0
abicd,0.0,0.0
abice,0.0,0.0
abicf,0.0,0.0
abicg,0.0,0.0
abich,0.0,0.0
abici,0.0,-0.12755586989945777
abicj,0.0,0.0
abida,0.0,0.0
abidb,0.0026234400000000003,0.00684521733303902
abidc,0.0026234400000000003,0.00684521733303902
abidd,0.0,0.0
EX_01459_,0.0,0.0
abide,0.0,0.0
abidf,0.0,0.0
abidg,0.0,0.0
abidh,0.0,0.0
abidi,0.0,0.0
abidj,0.0,0.0
abiea,0.0,0.0
abieb,0.0,0.0
abiec,0.7198502194571261,0.8279206754791798
abied,0.0,0.0
abiee,0.0,0.0
abief,0.0,0.0
abieg,2.4412000000000003e-05,0.028041792986009444
abieh,0.0,0.0
abiei,0.0,0.0
abiej,0.0,0.0
abifa,-0.00492643,-0.012854299708018217
abifb,0.0,0.0
abifc,0.0,0.0
abifd,0.0,0.0
abife,0.0,0.0
abiff,0.0,0.0
abifg,-3.4e-08,-8.871458440952591e-08
abifh,0.0,0.0
EX_01475_,0.0,0.0
abifi,0.0,0.0
abifj,0.0,0.0
abiga,0.0,0.0
abigb,0.0,0.0
abigc,0.0,0.0
abigd,0.0,0.0
abige,-0.010706792666666026,-0.02793678448959659
abigf,7.48e-05,0.000195172085700957
abigg,0.0,0.0
abigh,0.0,0.0
EX_01477_,0.0,0.0
HASA,0.21420011654287383,
HASB,0.21420011654287383,
EX_AH000_,0.21420011654287383,
